SNP	GENE
rs1011	ALZ_GENE_0_1
rs1012	ALZ_GENE_0_2
rs1013	ALZ_GENE_0_3
rs1014	ALZ_GENE_0_4
rs1015	ALZ_GENE_0_5
rs1016	ALZ_GENE_0_6
rs1017	ALZ_GENE_0_7
rs1021	ALZ_GENE_0_1
rs1022	ALZ_GENE_0_2
rs1023	ALZ_GENE_0_3
rs1024	ALZ_GENE_0_4
rs1025	ALZ_GENE_0_5
rs1026	ALZ_GENE_0_6
rs1027	ALZ_GENE_0_7
rs1031	ALZ_GENE_0_1
rs1032	ALZ_GENE_0_2
rs1033	ALZ_GENE_0_3
rs1034	ALZ_GENE_0_4
rs1035	ALZ_GENE_0_5
rs1036	ALZ_GENE_0_6
rs1037	ALZ_GENE_0_7
rs1111	ALZ_GENE_1_1
rs1112	ALZ_GENE_1_2
rs1113	ALZ_GENE_1_3
rs1114	ALZ_GENE_1_4
rs1115	ALZ_GENE_1_5
rs1116	ALZ_GENE_1_6
rs1117	ALZ_GENE_1_7
rs1121	ALZ_GENE_1_1
rs1122	ALZ_GENE_1_2
rs1123	ALZ_GENE_1_3
rs1124	ALZ_GENE_1_4
rs1125	ALZ_GENE_1_5
rs1126	ALZ_GENE_1_6
rs1127	ALZ_GENE_1_7
rs1131	ALZ_GENE_1_1
rs1132	ALZ_GENE_1_2
rs1133	ALZ_GENE_1_3
rs1134	ALZ_GENE_1_4
rs1135	ALZ_GENE_1_5
rs1136	ALZ_GENE_1_6
rs1137	ALZ_GENE_1_7
rs1211	ALZ_GENE_2_1
rs1212	ALZ_GENE_2_2
rs1213	ALZ_GENE_2_3
rs1214	ALZ_GENE_2_4
rs1215	ALZ_GENE_2_5
rs1216	ALZ_GENE_2_6
rs1217	ALZ_GENE_2_7
rs1221	ALZ_GENE_2_1
rs1222	ALZ_GENE_2_2
rs1223	ALZ_GENE_2_3
rs1224	ALZ_GENE_2_4
rs1225	ALZ_GENE_2_5
rs1226	ALZ_GENE_2_6
rs1227	ALZ_GENE_2_7
rs1231	ALZ_GENE_2_1
rs1232	ALZ_GENE_2_2
rs1233	ALZ_GENE_2_3
rs1234	ALZ_GENE_2_4
rs1235	ALZ_GENE_2_5
rs1236	ALZ_GENE_2_6
rs1237	ALZ_GENE_2_7
rs2011	ASD_GENE_0_1
rs2012	ASD_GENE_0_2
rs2013	ASD_GENE_0_3
rs2014	ASD_GENE_0_4
rs2015	ASD_GENE_0_5
rs2016	ASD_GENE_0_6
rs2017	ASD_GENE_0_7
rs2021	ASD_GENE_0_1
rs2022	ASD_GENE_0_2
rs2023	ASD_GENE_0_3
rs2024	ASD_GENE_0_4
rs2025	ASD_GENE_0_5
rs2026	ASD_GENE_0_6
rs2027	ASD_GENE_0_7
rs2031	ASD_GENE_0_1
rs2032	ASD_GENE_0_2
rs2033	ASD_GENE_0_3
rs2034	ASD_GENE_0_4
rs2035	ASD_GENE_0_5
rs2036	ASD_GENE_0_6
rs2037	ASD_GENE_0_7
rs2111	ASD_GENE_1_1
rs2112	ASD_GENE_1_2
rs2113	ASD_GENE_1_3
rs2114	ASD_GENE_1_4
rs2115	ASD_GENE_1_5
rs2116	ASD_GENE_1_6
rs2117	ASD_GENE_1_7
rs2121	ASD_GENE_1_1
rs2122	ASD_GENE_1_2
rs2123	ASD_GENE_1_3
rs2124	ASD_GENE_1_4
rs2125	ASD_GENE_1_5
rs2126	ASD_GENE_1_6
rs2127	ASD_GENE_1_7
rs2131	ASD_GENE_1_1
rs2132	ASD_GENE_1_2
rs2133	ASD_GENE_1_3
rs2134	ASD_GENE_1_4
rs2135	ASD_GENE_1_5
rs2136	ASD_GENE_1_6
rs2137	ASD_GENE_1_7
rs2211	ASD_GENE_2_1
rs2212	ASD_GENE_2_2
rs2213	ASD_GENE_2_3
rs2214	ASD_GENE_2_4
rs2215	ASD_GENE_2_5
rs2216	ASD_GENE_2_6
rs2217	ASD_GENE_2_7
rs2221	ASD_GENE_2_1
rs2222	ASD_GENE_2_2
rs2223	ASD_GENE_2_3
rs2224	ASD_GENE_2_4
rs2225	ASD_GENE_2_5
rs2226	ASD_GENE_2_6
rs2227	ASD_GENE_2_7
rs2231	ASD_GENE_2_1
rs2232	ASD_GENE_2_2
rs2233	ASD_GENE_2_3
rs2234	ASD_GENE_2_4
rs2235	ASD_GENE_2_5
rs2236	ASD_GENE_2_6
rs2237	ASD_GENE_2_7
rs3011	BD_GENE_0_1
rs3012	BD_GENE_0_2
rs3013	BD_GENE_0_3
rs3014	BD_GENE_0_4
rs3015	BD_GENE_0_5
rs3016	BD_GENE_0_6
rs3017	BD_GENE_0_7
rs3021	BD_GENE_0_1
rs3022	BD_GENE_0_2
rs3023	BD_GENE_0_3
rs3024	BD_GENE_0_4
rs3025	BD_GENE_0_5
rs3026	BD_GENE_0_6
rs3027	BD_GENE_0_7
rs3031	BD_GENE_0_1
rs3032	BD_GENE_0_2
rs3033	BD_GENE_0_3
rs3034	BD_GENE_0_4
rs3035	BD_GENE_0_5
rs3036	BD_GENE_0_6
rs3037	BD_GENE_0_7
rs3111	BD_GENE_1_1
rs3112	BD_GENE_1_2
rs3113	BD_GENE_1_3
rs3114	BD_GENE_1_4
rs3115	BD_GENE_1_5
rs3116	BD_GENE_1_6
rs3117	BD_GENE_1_7
rs3121	BD_GENE_1_1
rs3122	BD_GENE_1_2
rs3123	BD_GENE_1_3
rs3124	BD_GENE_1_4
rs3125	BD_GENE_1_5
rs3126	BD_GENE_1_6
rs3127	BD_GENE_1_7
rs3131	BD_GENE_1_1
rs3132	BD_GENE_1_2
rs3133	BD_GENE_1_3
rs3134	BD_GENE_1_4
rs3135	BD_GENE_1_5
rs3136	BD_GENE_1_6
rs3137	BD_GENE_1_7
rs3211	BD_GENE_2_1
rs3212	BD_GENE_2_2
rs3213	BD_GENE_2_3
rs3214	BD_GENE_2_4
rs3215	BD_GENE_2_5
rs3216	BD_GENE_2_6
rs3217	BD_GENE_2_7
rs3221	BD_GENE_2_1
rs3222	BD_GENE_2_2
rs3223	BD_GENE_2_3
rs3224	BD_GENE_2_4
rs3225	BD_GENE_2_5
rs3226	BD_GENE_2_6
rs3227	BD_GENE_2_7
rs3231	BD_GENE_2_1
rs3232	BD_GENE_2_2
rs3233	BD_GENE_2_3
rs3234	BD_GENE_2_4
rs3235	BD_GENE_2_5
rs3236	BD_GENE_2_6
rs3237	BD_GENE_2_7
rs4011	BMI_GENE_0_1
rs4012	BMI_GENE_0_2
rs4013	BMI_GENE_0_3
rs4014	BMI_GENE_0_4
rs4015	BMI_GENE_0_5
rs4016	BMI_GENE_0_6
rs4017	BMI_GENE_0_7
rs4021	BMI_GENE_0_1
rs4022	BMI_GENE_0_2
rs4023	BMI_GENE_0_3
rs4024	BMI_GENE_0_4
rs4025	BMI_GENE_0_5
rs4026	BMI_GENE_0_6
rs4027	BMI_GENE_0_7
rs4031	BMI_GENE_0_1
rs4032	BMI_GENE_0_2
rs4033	BMI_GENE_0_3
rs4034	BMI_GENE_0_4
rs4035	BMI_GENE_0_5
rs4036	BMI_GENE_0_6
rs4037	BMI_GENE_0_7
rs4111	BMI_GENE_1_1
rs4112	BMI_GENE_1_2
rs4113	BMI_GENE_1_3
rs4114	BMI_GENE_1_4
rs4115	BMI_GENE_1_5
rs4116	BMI_GENE_1_6
rs4117	BMI_GENE_1_7
rs4121	BMI_GENE_1_1
rs4122	BMI_GENE_1_2
rs4123	BMI_GENE_1_3
rs4124	BMI_GENE_1_4
rs4125	BMI_GENE_1_5
rs4126	BMI_GENE_1_6
rs4127	BMI_GENE_1_7
rs4131	BMI_GENE_1_1
rs4132	BMI_GENE_1_2
rs4133	BMI_GENE_1_3
rs4134	BMI_GENE_1_4
rs4135	BMI_GENE_1_5
rs4136	BMI_GENE_1_6
rs4137	BMI_GENE_1_7
rs4211	BMI_GENE_2_1
rs4212	BMI_GENE_2_2
rs4213	BMI_GENE_2_3
rs4214	BMI_GENE_2_4
rs4215	BMI_GENE_2_5
rs4216	BMI_GENE_2_6
rs4217	BMI_GENE_2_7
rs4221	BMI_GENE_2_1
rs4222	BMI_GENE_2_2
rs4223	BMI_GENE_2_3
rs4224	BMI_GENE_2_4
rs4225	BMI_GENE_2_5
rs4226	BMI_GENE_2_6
rs4227	BMI_GENE_2_7
rs4231	BMI_GENE_2_1
rs4232	BMI_GENE_2_2
rs4233	BMI_GENE_2_3
rs4234	BMI_GENE_2_4
rs4235	BMI_GENE_2_5
rs4236	BMI_GENE_2_6
rs4237	BMI_GENE_2_7
rs5011	BRC_GENE_0_1
rs5012	BRC_GENE_0_2
rs5013	BRC_GENE_0_3
rs5014	BRC_GENE_0_4
rs5015	BRC_GENE_0_5
rs5016	BRC_GENE_0_6
rs5017	BRC_GENE_0_7
rs5021	BRC_GENE_0_1
rs5022	BRC_GENE_0_2
rs5023	BRC_GENE_0_3
rs5024	BRC_GENE_0_4
rs5025	BRC_GENE_0_5
rs5026	BRC_GENE_0_6
rs5027	BRC_GENE_0_7
rs5031	BRC_GENE_0_1
rs5032	BRC_GENE_0_2
rs5033	BRC_GENE_0_3
rs5034	BRC_GENE_0_4
rs5035	BRC_GENE_0_5
rs5036	BRC_GENE_0_6
rs5037	BRC_GENE_0_7
rs5111	BRC_GENE_1_1
rs5112	BRC_GENE_1_2
rs5113	BRC_GENE_1_3
rs5114	BRC_GENE_1_4
rs5115	BRC_GENE_1_5
rs5116	BRC_GENE_1_6
rs5117	BRC_GENE_1_7
rs5121	BRC_GENE_1_1
rs5122	BRC_GENE_1_2
rs5123	BRC_GENE_1_3
rs5124	BRC_GENE_1_4
rs5125	BRC_GENE_1_5
rs5126	BRC_GENE_1_6
rs5127	BRC_GENE_1_7
rs5131	BRC_GENE_1_1
rs5132	BRC_GENE_1_2
rs5133	BRC_GENE_1_3
rs5134	BRC_GENE_1_4
rs5135	BRC_GENE_1_5
rs5136	BRC_GENE_1_6
rs5137	BRC_GENE_1_7
rs5211	BRC_GENE_2_1
rs5212	BRC_GENE_2_2
rs5213	BRC_GENE_2_3
rs5214	BRC_GENE_2_4
rs5215	BRC_GENE_2_5
rs5216	BRC_GENE_2_6
rs5217	BRC_GENE_2_7
rs5221	BRC_GENE_2_1
rs5222	BRC_GENE_2_2
rs5223	BRC_GENE_2_3
rs5224	BRC_GENE_2_4
rs5225	BRC_GENE_2_5
rs5226	BRC_GENE_2_6
rs5227	BRC_GENE_2_7
rs5231	BRC_GENE_2_1
rs5232	BRC_GENE_2_2
rs5233	BRC_GENE_2_3
rs5234	BRC_GENE_2_4
rs5235	BRC_GENE_2_5
rs5236	BRC_GENE_2_6
rs5237	BRC_GENE_2_7
rs6011	CAD_GENE_0_1
rs6012	CAD_GENE_0_2
rs6013	CAD_GENE_0_3
rs6014	CAD_GENE_0_4
rs6015	CAD_GENE_0_5
rs6016	CAD_GENE_0_6
rs6017	CAD_GENE_0_7
rs6021	CAD_GENE_0_1
rs6022	CAD_GENE_0_2
rs6023	CAD_GENE_0_3
rs6024	CAD_GENE_0_4
rs6025	CAD_GENE_0_5
rs6026	CAD_GENE_0_6
rs6027	CAD_GENE_0_7
rs6031	CAD_GENE_0_1
rs6032	CAD_GENE_0_2
rs6033	CAD_GENE_0_3
rs6034	CAD_GENE_0_4
rs6035	CAD_GENE_0_5
rs6036	CAD_GENE_0_6
rs6037	CAD_GENE_0_7
rs6111	CAD_GENE_1_1
rs6112	CAD_GENE_1_2
rs6113	CAD_GENE_1_3
rs6114	CAD_GENE_1_4
rs6115	CAD_GENE_1_5
rs6116	CAD_GENE_1_6
rs6117	CAD_GENE_1_7
rs6121	CAD_GENE_1_1
rs6122	CAD_GENE_1_2
rs6123	CAD_GENE_1_3
rs6124	CAD_GENE_1_4
rs6125	CAD_GENE_1_5
rs6126	CAD_GENE_1_6
rs6127	CAD_GENE_1_7
rs6131	CAD_GENE_1_1
rs6132	CAD_GENE_1_2
rs6133	CAD_GENE_1_3
rs6134	CAD_GENE_1_4
rs6135	CAD_GENE_1_5
rs6136	CAD_GENE_1_6
rs6137	CAD_GENE_1_7
rs6211	CAD_GENE_2_1
rs6212	CAD_GENE_2_2
rs6213	CAD_GENE_2_3
rs6214	CAD_GENE_2_4
rs6215	CAD_GENE_2_5
rs6216	CAD_GENE_2_6
rs6217	CAD_GENE_2_7
rs6221	CAD_GENE_2_1
rs6222	CAD_GENE_2_2
rs6223	CAD_GENE_2_3
rs6224	CAD_GENE_2_4
rs6225	CAD_GENE_2_5
rs6226	CAD_GENE_2_6
rs6227	CAD_GENE_2_7
rs6231	CAD_GENE_2_1
rs6232	CAD_GENE_2_2
rs6233	CAD_GENE_2_3
rs6234	CAD_GENE_2_4
rs6235	CAD_GENE_2_5
rs6236	CAD_GENE_2_6
rs6237	CAD_GENE_2_7
